{"home":232.78400015830994,"site1":0,"site2":200.4909999370575,"site3":0}